taskId,title,status,priority,type
task-1,Implement user authentication,notStarted,high,feature
task-123,Implement user authentication,notStarted,high,feature
task-2,Fix navigation menu alignment,inProgress,medium,bug
task-223,Fix navigation menu alignment,inProgress,medium,bug
task-3,Update API documentation,completed,low,documentation
task-323,Update API documentation,completed,low,documentation
task-4,Add search functionality to dashboard,notStarted,high,feature
task-423,Add search functionality to dashboard,notStarted,high,feature
task-5,Resolve memory leak in data grid,completed,high,bug
task-523,Resolve memory leak in data grid,completed,high,bug
task-6,Refactor payment processing service,onHold,medium,feature
task-623,Refactor payment processing service,onHold,medium,feature
task-7,Improve page load performance,inProgress,high,feature
task-723,Improve page load performance,inProgress,high,feature
task-8,Write comprehensive unit tests for auth module,notStarted,medium,documentation
task-823,Write comprehensive unit tests for auth module,notStarted,medium,documentation
task-9,Design new landing page layout,notStarted,medium,feature
task-923,Design new landing page layout,notStarted,medium,feature
task-10,Fix responsive layout issues on mobile devices,completed,low,bug
task-1230,Fix responsive layout issues on mobile devices,completed,low,bug
task-11,Integrate third-party analytics tracking,inProgress,medium,feature
task-1231,Integrate third-party analytics tracking,inProgress,medium,feature
task-12,Update deprecated API endpoints,onHold,high,feature
task-1232,Update deprecated API endpoints,onHold,high,feature
task-13,Add multi-language support to frontend,notStarted,high,feature
task-1233,Add multi-language support to frontend,notStarted,high,feature
task-14,Fix session timeout handling bug,inProgress,medium,bug
task-1234,Fix session timeout handling bug,inProgress,medium,bug
task-15,Create user guide for admin panel,notStarted,low,documentation
task-1235,Create user guide for admin panel,notStarted,low,documentation
task-16,Optimize database queries for reports,completed,high,feature
task-1236,Optimize database queries for reports,completed,high,feature
task-17,Implement dark mode toggle,inProgress,medium,feature
task-1237,Implement dark mode toggle,inProgress,medium,feature
task-18,Fix form validation errors on checkout page,completed,high,bug
task-1238,Fix form validation errors on checkout page,completed,high,bug
task-19,Add export to PDF functionality,notStarted,medium,feature
task-1239,Add export to PDF functionality,notStarted,medium,feature
task-20,Remove deprecated components,onHold,medium,feature
task-2230,Remove deprecated components,onHold,medium,feature
task-21,Upgrade to latest framework version,notStarted,high,feature
task-2231,Upgrade to latest framework version,notStarted,high,feature
task-22,Fix cross-browser compatibility issues,inProgress,low,bug
task-2232,Fix cross-browser compatibility issues,inProgress,low,bug
task-23,Write technical specification for new module,notStarted,medium,documentation
task-2233,Write technical specification for new module,notStarted,medium,documentation
task-24,Implement real-time notifications,notStarted,high,feature
task-2234,Implement real-time notifications,notStarted,high,feature
task-25,Resolve security vulnerability in login,completed,high,bug
task-2235,Resolve security vulnerability in login,completed,high,bug
task-26,Refactor legacy code in user management,onHold,medium,feature
task-2236,Refactor legacy code in user management,onHold,medium,feature
task-27,Add pagination to long lists,inProgress,low,feature
task-2237,Add pagination to long lists,inProgress,low,feature
task-28,Update error messages for better UX,completed,low,documentation
task-2238,Update error messages for better UX,completed,low,documentation
task-29,Implement file upload progress indicator,notStarted,medium,feature
task-2239,Implement file upload progress indicator,notStarted,medium,feature
task-30,Fix image loading bug on slow connections,inProgress,medium,bug
task-3230,Fix image loading bug on slow connections,inProgress,medium,bug
task-31,Create API rate limiting documentation,notStarted,low,documentation
task-3231,Create API rate limiting documentation,notStarted,low,documentation
task-32,Add two-factor authentication support,notStarted,high,feature
task-3232,Add two-factor authentication support,notStarted,high,feature
task-33,Fix data synchronization issue between tabs,completed,high,bug
task-3233,Fix data synchronization issue between tabs,completed,high,bug
task-34,Improve accessibility compliance,inProgress,medium,feature
task-3234,Improve accessibility compliance,inProgress,medium,feature
task-35,Write migration guide for new version,notStarted,medium,documentation
task-3235,Write migration guide for new version,notStarted,medium,documentation
task-36,Implement caching layer for API calls,completed,high,feature
task-3236,Implement caching layer for API calls,completed,high,feature
task-37,Fix duplicate entry bug in forms,inProgress,low,bug
task-3237,Fix duplicate entry bug in forms,inProgress,low,bug
task-38,Add support for new payment gateway,notStarted,high,feature
task-3238,Add support for new payment gateway,notStarted,high,feature
task-39,Update dependency versions,onHold,medium,feature
task-3239,Update dependency versions,onHold,medium,feature
task-40,Create automated backup system docs,notStarted,low,documentation
task-4230,Create automated backup system docs,notStarted,low,documentation
task-41,Fix infinite scroll loading issue,inProgress,medium,bug
task-4231,Fix infinite scroll loading issue,inProgress,medium,bug
task-42,Implement role-based access control,notStarted,high,feature
task-4232,Implement role-based access control,notStarted,high,feature
task-43,Refactor state management logic,completed,medium,feature
task-4233,Refactor state management logic,completed,medium,feature
task-44,Add logging for critical operations,notStarted,low,documentation
task-4234,Add logging for critical operations,notStarted,low,documentation
task-45,Fix timezone handling in date picker,inProgress,medium,bug
task-4235,Fix timezone handling in date picker,inProgress,medium,bug
task-46,Implement webhook support for events,notStarted,high,feature
task-4236,Implement webhook support for events,notStarted,high,feature
task-47,Update UI components to new design system,onHold,medium,feature
task-4237,Update UI components to new design system,onHold,medium,feature
task-48,Write performance testing report,notStarted,low,documentation
task-4238,Write performance testing report,notStarted,low,documentation
task-49,Fix authentication token refresh bug,completed,high,bug
task-4239,Fix authentication token refresh bug,completed,high,bug
task-50,Migrate database to new schema,notStarted,high,feature
task-5230,Migrate database to new schema,notStarted,high,feature